Timebands,TTV,Digi 24,Antena 3 CNN,B1TV,EuroNews,Realitatea Plus,Romania TV
02:00 - 02:15,5.51,0.1,0.32,0.0,0.0,0.0,0.28
02:15 - 02:30,4.92,0.07,0.25,0.0,0.0,0.0,0.11
02:30 - 02:45,4.51,0.02,0.31,0.0,0.0,0.0,0.11
02:45 - 03:00,3.99,0.0,0.33,0.0,0.0,0.0,0.11
03:00 - 03:15,3.25,0.0,0.14,0.0,0.0,0.0,0.08
03:15 - 03:30,2.73,0.05,0.0,0.0,0.0,0.0,0.0
03:30 - 03:45,2.41,0.08,0.08,0.0,0.0,0.0,0.0
03:45 - 04:00,2.27,0.0,0.0,0.0,0.0,0.0,0.0
04:00 - 04:15,2.3,0.0,0.0,0.0,0.0,0.0,0.0
04:15 - 04:30,2.26,0.0,0.0,0.0,0.0,0.0,0.0
04:30 - 04:45,2.47,0.01,0.0,0.03,0.0,0.0,0.0
04:45 - 05:00,2.73,0.0,0.04,0.0,0.0,0.01,0.01
05:00 - 05:15,2.82,0.0,0.07,0.0,0.0,0.0,0.09
05:15 - 05:30,2.87,0.0,0.0,0.04,0.0,0.0,0.14
05:30 - 05:45,2.76,0.11,0.0,0.0,0.0,0.0,0.11
05:45 - 06:00,3.07,0.11,0.0,0.0,0.0,0.0,0.06
06:00 - 06:15,3.07,0.24,0.0,0.0,0.0,0.0,0.04
06:15 - 06:30,3.71,0.2,0.02,0.0,0.0,0.0,0.18
06:30 - 06:45,4.5,0.12,0.08,0.0,0.0,0.0,0.25
06:45 - 07:00,5.2,0.06,0.37,0.0,0.0,0.01,0.25
07:00 - 07:15,6.65,0.01,0.33,0.0,0.0,0.0,0.29
07:15 - 07:30,8.21,0.0,0.38,0.0,0.0,0.02,0.3
07:30 - 07:45,7.97,0.07,0.47,0.0,0.0,0.0,0.33
07:45 - 08:00,8.39,0.16,0.52,0.0,0.0,0.02,0.49
08:00 - 08:15,9.3,0.23,0.4,0.0,0.0,0.0,0.45
08:15 - 08:30,10.04,0.12,0.14,0.0,0.0,0.04,0.72
08:30 - 08:45,10.31,0.25,0.51,0.02,0.0,0.07,0.35
08:45 - 09:00,10.4,0.3,0.1,0.0,0.03,0.0,0.24
09:00 - 09:15,10.09,0.22,0.13,0.0,0.0,0.0,0.27
09:15 - 09:30,9.68,0.15,0.25,0.0,0.0,0.01,0.4
09:30 - 09:45,9.84,0.36,0.28,0.01,0.0,0.0,0.39
09:45 - 10:00,9.92,0.37,0.44,0.02,0.0,0.01,0.13
10:00 - 10:15,9.84,0.62,0.32,0.0,0.0,0.02,0.31
10:15 - 10:30,9.8,0.7,0.37,0.01,0.0,0.19,0.13
10:30 - 10:45,9.79,1.11,0.42,0.03,0.0,0.0,0.28
10:45 - 11:00,9.59,1.01,0.32,0.0,0.0,0.0,0.22
11:00 - 11:15,10.06,1.06,0.21,0.07,0.0,0.07,0.68
11:15 - 11:30,10.41,1.01,0.21,0.08,0.0,0.16,1.11
11:30 - 11:45,10.05,0.89,0.71,0.09,0.0,0.22,0.26
11:45 - 12:00,10.2,0.55,0.65,0.11,0.0,0.08,0.08
12:00 - 12:15,10.36,0.55,0.73,0.15,0.0,0.06,0.46
12:15 - 12:30,10.05,0.59,0.57,0.08,0.0,0.12,0.73
12:30 - 12:45,9.89,0.6,0.74,0.07,0.0,0.0,0.74
12:45 - 13:00,9.5,0.25,1.3,0.07,0.0,0.0,0.57
13:00 - 13:15,10.2,0.21,1.28,0.07,0.0,0.0,0.49
13:15 - 13:30,9.85,0.25,0.95,0.07,0.0,0.09,0.55
13:30 - 13:45,9.53,0.21,0.9,0.0,0.0,0.23,0.58
13:45 - 14:00,9.94,0.27,1.11,0.0,0.0,0.19,0.59
14:00 - 14:15,10.6,0.39,0.89,0.0,0.0,0.27,0.64
14:15 - 14:30,10.66,0.34,0.94,0.04,0.0,0.15,0.5
14:30 - 14:45,10.5,0.26,0.92,0.13,0.0,0.01,0.21
14:45 - 15:00,11.12,0.27,1.1,0.16,0.0,0.0,0.08
15:00 - 15:15,11.49,0.25,1.05,0.09,0.0,0.0,0.38
15:15 - 15:30,11.08,0.25,1.08,0.13,0.02,0.0,0.19
15:30 - 15:45,11.1,0.33,0.92,0.04,0.0,0.0,0.27
15:45 - 16:00,11.51,0.4,0.84,0.0,0.0,0.08,0.14
16:00 - 16:15,12.34,0.65,0.96,0.0,0.0,0.25,0.29
16:15 - 16:30,12.21,0.69,0.9,0.09,0.0,0.1,0.26
16:30 - 16:45,12.81,0.7,0.87,0.11,0.0,0.17,0.35
16:45 - 17:00,13.66,0.66,0.84,0.03,0.0,0.09,0.29
17:00 - 17:15,15.06,0.57,0.61,0.01,0.0,0.08,0.29
17:15 - 17:30,15.13,0.49,0.7,0.01,0.0,0.13,0.32
17:30 - 17:45,16.31,0.82,0.74,0.01,0.0,0.22,0.22
17:45 - 18:00,17.73,0.7,0.6,0.03,0.0,0.17,0.15
18:00 - 18:15,18.39,0.83,0.46,0.04,0.0,0.16,0.49
18:15 - 18:30,19.98,1.11,0.56,0.15,0.01,0.17,0.53
18:30 - 18:45,21.74,0.75,0.95,0.17,0.01,0.1,0.31
18:45 - 19:00,23.28,0.73,0.74,0.22,0.0,0.2,0.2
19:00 - 19:15,25.06,0.28,1.12,0.07,0.0,0.1,0.36
19:15 - 19:30,26.87,0.26,1.13,0.08,0.0,0.11,0.28
19:30 - 19:45,27.61,0.43,0.88,0.15,0.01,0.1,0.45
19:45 - 20:00,28.86,0.65,0.9,0.1,0.03,0.25,0.62
20:00 - 20:15,30.51,0.65,0.64,0.12,0.0,0.22,0.74
20:15 - 20:30,31.0,0.54,0.46,0.16,0.0,0.51,0.55
20:30 - 20:45,31.7,0.5,0.58,0.19,0.0,0.37,0.46
20:45 - 21:00,31.45,0.65,0.81,0.18,0.0,0.14,0.51
21:00 - 21:15,31.41,0.59,1.08,0.09,0.0,0.19,0.71
21:15 - 21:30,31.66,0.46,1.22,0.08,0.0,0.2,0.91
21:30 - 21:45,31.55,0.37,1.02,0.1,0.0,0.21,0.87
21:45 - 22:00,30.45,0.4,0.69,0.1,0.0,0.2,0.34
22:00 - 22:15,29.69,0.54,0.48,0.08,0.0,0.15,0.44
22:15 - 22:30,28.12,0.26,0.58,0.13,0.01,0.13,0.78
22:30 - 22:45,27.2,0.5,0.74,0.13,0.0,0.12,0.82
22:45 - 23:00,26.22,0.63,0.52,0.11,0.0,0.12,0.51
23:00 - 23:15,25.27,0.47,0.88,0.11,0.0,0.03,0.77
23:15 - 23:30,24.37,0.31,1.06,0.08,0.0,0.01,0.69
23:30 - 23:45,21.87,0.33,0.77,0.08,0.0,0.03,0.45
23:45 - 24:00,21.04,0.27,0.63,0.08,0.0,0.01,0.5
24:00 - 24:15,20.03,0.36,0.62,0.08,0.0,0.11,0.71
24:15 - 24:30,17.15,0.29,0.73,0.11,0.0,0.01,0.96
24:30 - 24:45,15.45,0.2,0.59,0.15,0.0,0.06,0.96
24:45 - 25:00,14.1,0.18,0.6,0.08,0.0,0.25,0.62
25:00 - 25:15,12.96,0.11,0.59,0.16,0.0,0.2,0.45
25:15 - 25:30,11.77,0.11,0.44,0.08,0.0,0.15,0.33
25:30 - 25:45,10.29,0.11,0.44,0.08,0.0,0.02,0.39
25:45 - 26:00,8.96,0.3,0.38,0.08,0.01,0.01,0.47
Whole day,13.51,0.37,0.56,0.06,0.0,0.08,0.38
06:00,3.08,0.11,0.0,0.0,0.0,0.0,0.11
06:01,3.08,0.11,0.0,0.0,0.0,0.0,0.11
06:02,3.1,0.11,0.0,0.0,0.0,0.0,0.11
06:03,2.99,0.21,0.0,0.0,0.0,0.0,0.0
06:04,2.99,0.21,0.0,0.0,0.0,0.0,0.0
06:05,2.89,0.21,0.0,0.0,0.0,0.0,0.0
06:06,2.89,0.21,0.0,0.0,0.0,0.0,0.0
06:07,2.89,0.21,0.0,0.0,0.0,0.0,0.0
06:08,2.89,0.21,0.0,0.0,0.0,0.0,0.0
06:09,3.01,0.33,0.0,0.0,0.0,0.0,0.0
06:10,3.01,0.33,0.0,0.0,0.0,0.0,0.0
06:11,3.17,0.33,0.0,0.0,0.0,0.0,0.0
06:12,3.25,0.33,0.0,0.0,0.0,0.0,0.0
06:13,3.36,0.33,0.0,0.0,0.0,0.0,0.11
06:14,3.44,0.33,0.0,0.0,0.0,0.0,0.11
06:15,3.3,0.33,0.0,0.0,0.0,0.0,0.11
06:16,3.38,0.33,0.0,0.0,0.0,0.0,0.11
06:17,3.48,0.33,0.0,0.0,0.0,0.0,0.11
06:18,3.56,0.33,0.0,0.0,0.0,0.0,0.11
06:19,3.53,0.21,0.0,0.0,0.0,0.0,0.11
06:20,3.53,0.21,0.0,0.0,0.0,0.0,0.11
06:21,3.53,0.21,0.0,0.0,0.0,0.0,0.11
06:22,3.53,0.21,0.0,0.0,0.0,0.0,0.11
06:23,3.64,0.21,0.0,0.0,0.0,0.0,0.11
06:24,3.86,0.21,0.0,0.0,0.0,0.0,0.36
06:25,4.02,0.21,0.07,0.0,0.0,0.0,0.36
06:26,3.9,0.11,0.07,0.0,0.0,0.0,0.25
06:27,3.98,0.0,0.07,0.0,0.0,0.0,0.25
06:28,4.08,0.0,0.07,0.0,0.0,0.0,0.25
06:29,4.38,0.11,0.07,0.0,0.0,0.0,0.25
06:30,4.38,0.11,0.07,0.0,0.0,0.0,0.25
06:31,4.48,0.11,0.07,0.0,0.0,0.0,0.25
06:32,4.73,0.11,0.07,0.0,0.0,0.0,0.25
06:33,4.47,0.11,0.07,0.0,0.0,0.0,0.25
06:34,4.21,0.11,0.07,0.0,0.0,0.0,0.25
06:35,4.21,0.11,0.07,0.0,0.0,0.0,0.25
06:36,4.25,0.11,0.07,0.0,0.0,0.0,0.25
06:37,4.25,0.11,0.07,0.0,0.0,0.0,0.25
06:38,4.51,0.11,0.07,0.0,0.0,0.0,0.25
06:39,4.59,0.11,0.07,0.0,0.0,0.0,0.25
06:40,4.67,0.11,0.07,0.0,0.0,0.0,0.25
06:41,4.67,0.11,0.07,0.0,0.0,0.0,0.25
06:42,4.69,0.11,0.07,0.0,0.0,0.0,0.25
06:43,4.69,0.19,0.07,0.0,0.0,0.0,0.25
06:44,4.73,0.19,0.26,0.0,0.0,0.0,0.25
06:45,4.97,0.11,0.26,0.0,0.0,0.0,0.25
06:46,5.08,0.11,0.4,0.0,0.0,0.0,0.25
06:47,5.08,0.11,0.4,0.0,0.0,0.0,0.25
06:48,5.03,0.11,0.4,0.0,0.0,0.0,0.25
06:49,5.26,0.11,0.4,0.0,0.0,0.0,0.25
06:50,5.34,0.11,0.4,0.0,0.0,0.0,0.25
06:51,5.18,0.11,0.4,0.0,0.0,0.0,0.25
06:52,5.18,0.11,0.4,0.0,0.0,0.0,0.25
06:53,5.11,0.0,0.4,0.0,0.0,0.0,0.25
06:54,5.11,0.0,0.4,0.0,0.0,0.0,0.25
06:55,5.11,0.0,0.4,0.0,0.0,0.0,0.25
06:56,5.29,0.0,0.4,0.0,0.0,0.0,0.25
06:57,5.44,0.0,0.33,0.0,0.0,0.1,0.25
06:58,5.34,0.0,0.33,0.0,0.0,0.0,0.25
06:59,5.47,0.0,0.33,0.0,0.0,0.0,0.25
07:00,5.68,0.0,0.33,0.0,0.0,0.0,0.25
07:01,5.95,0.0,0.33,0.0,0.0,0.0,0.36
07:02,6.23,0.0,0.33,0.0,0.0,0.0,0.36
07:03,6.18,0.11,0.33,0.0,0.0,0.0,0.25
07:04,6.18,0.11,0.33,0.0,0.0,0.0,0.25
07:05,6.05,0.0,0.33,0.0,0.0,0.0,0.25
07:06,6.41,0.0,0.33,0.0,0.0,0.0,0.25
07:07,6.41,0.0,0.33,0.0,0.0,0.0,0.25
07:08,6.58,0.0,0.33,0.0,0.0,0.0,0.25
07:09,6.66,0.0,0.33,0.0,0.0,0.0,0.25
07:10,6.83,0.0,0.33,0.0,0.0,0.0,0.25
07:11,7.36,0.0,0.33,0.0,0.0,0.0,0.25
07:12,7.49,0.0,0.33,0.0,0.0,0.0,0.36
07:13,7.78,0.0,0.33,0.0,0.0,0.0,0.36
07:14,7.88,0.0,0.33,0.0,0.0,0.0,0.36
07:15,8.01,0.0,0.33,0.0,0.0,0.0,0.36
07:16,8.24,0.0,0.33,0.0,0.0,0.0,0.36
07:17,8.02,0.0,0.39,0.0,0.0,0.0,0.36
07:18,8.29,0.0,0.39,0.0,0.0,0.0,0.36
07:19,8.21,0.0,0.39,0.0,0.0,0.0,0.36
07:20,8.23,0.0,0.39,0.0,0.0,0.0,0.36
07:21,8.29,0.0,0.39,0.0,0.0,0.0,0.36
07:22,8.19,0.0,0.39,0.0,0.0,0.11,0.25
07:23,8.19,0.0,0.39,0.0,0.0,0.11,0.25
07:24,8.27,0.0,0.39,0.0,0.0,0.11,0.25
07:25,8.4,0.0,0.39,0.0,0.0,0.0,0.25
07:26,8.35,0.0,0.39,0.0,0.0,0.0,0.25
07:27,8.27,0.0,0.39,0.0,0.0,0.0,0.25
07:28,8.07,0.0,0.39,0.0,0.0,0.0,0.25
07:29,8.05,0.0,0.39,0.0,0.0,0.0,0.25
07:30,8.13,0.0,0.39,0.0,0.0,0.0,0.25
07:31,8.15,0.0,0.39,0.0,0.0,0.0,0.25
07:32,7.91,0.0,0.39,0.0,0.0,0.0,0.25
07:33,7.51,0.0,0.39,0.0,0.0,0.0,0.25
07:34,7.7,0.0,0.39,0.0,0.0,0.0,0.25
07:35,7.86,0.0,0.39,0.0,0.0,0.0,0.25
07:36,7.6,0.0,0.39,0.0,0.0,0.0,0.25
07:37,7.74,0.22,0.49,0.0,0.0,0.0,0.25
07:38,8.12,0.14,0.49,0.0,0.0,0.0,0.38
07:39,8.37,0.14,0.49,0.0,0.0,0.0,0.48
07:40,8.36,0.14,0.6,0.0,0.0,0.0,0.38
07:41,8.09,0.14,0.6,0.0,0.0,0.0,0.38
07:42,8.09,0.14,0.6,0.0,0.0,0.0,0.38
07:43,8.0,0.07,0.49,0.0,0.0,0.0,0.49
07:44,7.89,0.07,0.49,0.0,0.0,0.0,0.49
07:45,7.89,0.07,0.49,0.0,0.0,0.0,0.49
07:46,7.91,0.17,0.49,0.0,0.0,0.0,0.49
07:47,7.91,0.17,0.49,0.0,0.0,0.0,0.49
07:48,8.35,0.07,0.49,0.0,0.0,0.0,0.49
07:49,8.37,0.15,0.49,0.0,0.0,0.0,0.49
07:50,8.58,0.15,0.49,0.0,0.0,0.0,0.49
07:51,8.66,0.15,0.58,0.0,0.0,0.0,0.49
07:52,8.36,0.15,0.58,0.0,0.0,0.0,0.49
07:53,8.29,0.15,0.58,0.0,0.0,0.0,0.49
07:54,8.68,0.15,0.58,0.0,0.0,0.28,0.49
07:55,8.64,0.15,0.48,0.0,0.0,0.0,0.49
07:56,8.71,0.25,0.48,0.0,0.0,0.0,0.49
07:57,8.54,0.25,0.48,0.0,0.0,0.0,0.49
07:58,8.44,0.25,0.48,0.0,0.0,0.0,0.49
07:59,8.45,0.25,0.58,0.0,0.0,0.0,0.49
08:00,8.71,0.32,0.58,0.0,0.0,0.0,0.49
08:01,8.71,0.32,0.58,0.0,0.0,0.0,0.49
08:02,8.71,0.32,0.39,0.0,0.0,0.0,0.49
08:03,8.83,0.32,0.39,0.0,0.0,0.0,0.24
08:04,8.83,0.32,0.39,0.0,0.0,0.0,0.24
08:05,8.83,0.32,0.39,0.0,0.0,0.0,0.24
08:06,9.05,0.22,0.39,0.0,0.0,0.0,0.24
08:07,9.05,0.15,0.39,0.0,0.0,0.0,0.32
08:08,9.21,0.15,0.39,0.0,0.0,0.0,0.32
08:09,9.68,0.15,0.39,0.0,0.0,0.0,0.65
08:10,9.68,0.15,0.39,0.0,0.0,0.0,0.65
08:11,10.09,0.15,0.39,0.0,0.0,0.0,0.65
08:12,10.09,0.22,0.39,0.0,0.0,0.0,0.57
08:13,10.09,0.14,0.28,0.0,0.0,0.0,0.57
08:14,10.01,0.14,0.28,0.0,0.0,0.0,0.57
08:15,9.66,0.14,0.09,0.0,0.0,0.0,0.57
08:16,9.46,0.14,0.09,0.0,0.0,0.0,0.47
08:17,9.33,0.14,0.09,0.0,0.0,0.0,0.47
08:18,9.68,0.14,0.09,0.0,0.0,0.0,0.47
08:19,9.63,0.07,0.09,0.0,0.0,0.0,0.8
08:20,9.92,0.07,0.09,0.0,0.0,0.0,0.8
08:21,10.19,0.07,0.09,0.0,0.0,0.0,0.9
08:22,10.07,0.07,0.09,0.0,0.0,0.08,0.8
08:23,10.07,0.07,0.17,0.0,0.0,0.08,0.8
08:24,10.13,0.07,0.17,0.0,0.0,0.08,0.8
08:25,10.22,0.07,0.17,0.0,0.0,0.08,0.8
08:26,10.34,0.07,0.17,0.0,0.0,0.08,0.8
08:27,10.45,0.18,0.17,0.0,0.0,0.08,0.8
08:28,10.8,0.25,0.19,0.0,0.0,0.08,0.8
08:29,10.72,0.25,0.3,0.0,0.0,0.08,0.8
08:30,10.25,0.25,0.37,0.0,0.0,0.08,0.57
08:31,10.32,0.25,0.62,0.0,0.0,0.08,0.32
08:32,10.04,0.25,0.62,0.0,0.0,0.08,0.32
08:33,10.04,0.25,0.62,0.0,0.0,0.08,0.32
08:34,10.14,0.25,0.62,0.0,0.0,0.08,0.32
08:35,10.14,0.25,0.62,0.0,0.0,0.08,0.32
08:36,10.28,0.25,0.51,0.0,0.0,0.08,0.32
08:37,10.28,0.25,0.44,0.0,0.0,0.08,0.39
08:38,10.28,0.25,0.44,0.0,0.0,0.08,0.39
08:39,10.4,0.25,0.53,0.0,0.0,0.08,0.39
08:40,10.3,0.25,0.53,0.0,0.0,0.08,0.39
08:41,10.49,0.25,0.44,0.0,0.0,0.08,0.39
08:42,10.49,0.25,0.44,0.12,0.0,0.08,0.26
08:43,10.49,0.25,0.44,0.12,0.0,0.0,0.26
08:44,10.7,0.25,0.44,0.0,0.0,0.0,0.26
08:45,10.66,0.25,0.34,0.0,0.0,0.0,0.26
08:46,10.53,0.5,0.09,0.0,0.0,0.0,0.26
08:47,10.64,0.25,0.09,0.0,0.0,0.0,0.26
08:48,10.14,0.42,0.09,0.0,0.0,0.0,0.26
08:49,10.38,0.42,0.09,0.0,0.0,0.0,0.26
08:50,10.38,0.42,0.09,0.0,0.0,0.0,0.26
08:51,10.47,0.25,0.09,0.0,0.17,0.0,0.26
08:52,10.47,0.25,0.09,0.0,0.17,0.0,0.26
08:53,10.24,0.25,0.09,0.0,0.17,0.0,0.26
08:54,10.44,0.25,0.09,0.0,0.0,0.0,0.26
08:55,10.49,0.25,0.09,0.0,0.0,0.0,0.19
08:56,10.49,0.25,0.09,0.0,0.0,0.0,0.19
08:57,10.21,0.25,0.09,0.0,0.0,0.0,0.19
08:58,10.37,0.25,0.09,0.0,0.0,0.0,0.19
08:59,10.12,0.25,0.09,0.0,0.0,0.0,0.19
09:00,10.0,0.25,0.09,0.0,0.0,0.0,0.27
09:01,10.0,0.25,0.09,0.0,0.0,0.0,0.27
09:02,9.93,0.25,0.09,0.0,0.0,0.0,0.27
09:03,9.93,0.25,0.09,0.0,0.0,0.0,0.27
09:04,10.02,0.25,0.09,0.0,0.0,0.0,0.27
09:05,9.91,0.25,0.09,0.0,0.0,0.0,0.27
09:06,9.91,0.25,0.16,0.0,0.0,0.0,0.27
09:07,10.12,0.25,0.16,0.0,0.0,0.0,0.27
09:08,10.17,0.25,0.16,0.0,0.0,0.0,0.27
09:09,10.17,0.25,0.16,0.0,0.0,0.0,0.27
09:10,10.44,0.25,0.16,0.0,0.0,0.0,0.27
09:11,10.59,0.14,0.16,0.0,0.0,0.0,0.27
09:12,10.47,0.14,0.16,0.0,0.0,0.0,0.27
09:13,9.83,0.14,0.16,0.0,0.0,0.0,0.27
09:14,9.83,0.14,0.16,0.0,0.0,0.0,0.27
09:15,9.83,0.14,0.16,0.0,0.0,0.0,0.27
09:16,9.56,0.14,0.16,0.0,0.0,0.0,0.27
09:17,9.56,0.14,0.16,0.0,0.0,0.08,0.27
09:18,9.5,0.22,0.16,0.0,0.0,0.0,0.44
09:19,9.33,0.14,0.07,0.0,0.0,0.0,0.44
09:20,9.51,0.14,0.07,0.0,0.0,0.0,0.44
09:21,9.51,0.14,0.32,0.0,0.0,0.0,0.44
09:22,9.51,0.14,0.32,0.0,0.0,0.0,0.44
09:23,9.59,0.14,0.32,0.0,0.0,0.0,0.44
09:24,9.73,0.14,0.32,0.0,0.0,0.0,0.44
09:25,10.12,0.14,0.32,0.0,0.0,0.0,0.44
09:26,10.03,0.22,0.32,0.0,0.0,0.0,0.44
09:27,9.93,0.14,0.32,0.0,0.0,0.0,0.44
09:28,9.72,0.14,0.32,0.0,0.0,0.0,0.44
09:29,9.7,0.14,0.32,0.0,0.0,0.0,0.44
09:30,9.8,0.14,0.32,0.0,0.0,0.0,0.44
09:31,9.88,0.14,0.32,0.0,0.0,0.0,0.44
09:32,9.87,0.25,0.32,0.0,0.0,0.0,0.72
09:33,9.87,0.25,0.32,0.0,0.0,0.0,0.72
09:34,9.66,0.25,0.32,0.0,0.0,0.0,0.72
09:35,9.82,0.46,0.32,0.0,0.0,0.0,0.44
09:36,10.08,0.46,0.32,0.0,0.0,0.0,0.44
09:37,10.0,0.46,0.32,0.0,0.0,0.0,0.27
09:38,9.83,0.46,0.32,0.0,0.0,0.0,0.27
09:39,9.7,0.46,0.32,0.0,0.0,0.0,0.27
09:40,9.7,0.46,0.32,0.0,0.0,0.0,0.27
09:41,9.97,0.46,0.07,0.0,0.0,0.0,0.27
09:42,9.86,0.46,0.07,0.0,0.0,0.0,0.19
09:43,9.82,0.35,0.18,0.07,0.0,0.0,0.19
09:44,9.7,0.35,0.38,0.07,0.0,0.0,0.19
09:45,10.15,0.35,0.38,0.07,0.0,0.0,0.19
09:46,10.11,0.35,0.38,0.07,0.0,0.0,0.19
09:47,9.79,0.35,0.38,0.07,0.0,0.0,0.19
09:48,9.77,0.35,0.38,0.07,0.0,0.0,0.19
09:49,9.77,0.35,0.38,0.07,0.0,0.0,0.19
09:50,9.79,0.35,0.31,0.0,0.0,0.14,0.19
09:51,10.03,0.35,0.31,0.0,0.0,0.0,0.19
09:52,10.0,0.35,0.31,0.0,0.0,0.0,0.08
09:53,10.2,0.35,0.48,0.0,0.0,0.0,0.08
09:54,10.06,0.35,0.42,0.0,0.0,0.0,0.08
09:55,10.0,0.35,0.42,0.0,0.0,0.0,0.08
09:56,9.88,0.35,0.67,0.0,0.0,0.0,0.08
09:57,9.7,0.35,0.67,0.0,0.0,0.0,0.08
09:58,9.78,0.46,0.56,0.0,0.0,0.0,0.08
09:59,9.8,0.46,0.56,0.0,0.0,0.0,0.08
10:00,10.04,0.46,0.56,0.0,0.0,0.14,0.08
10:01,9.93,0.46,0.3,0.0,0.0,0.0,0.33
10:02,9.62,0.46,0.3,0.0,0.0,0.13,0.33
10:03,9.62,0.46,0.3,0.0,0.0,0.0,0.33
10:04,9.72,0.46,0.3,0.0,0.0,0.0,0.33
10:05,9.64,0.7,0.3,0.0,0.0,0.0,0.33
10:06,9.71,0.7,0.3,0.0,0.0,0.0,0.33
10:07,9.89,0.7,0.3,0.0,0.0,0.0,0.33
10:08,9.75,0.7,0.3,0.0,0.0,0.0,0.33
10:09,9.82,0.7,0.3,0.0,0.0,0.0,0.33
10:10,9.73,0.7,0.3,0.0,0.0,0.0,0.33
10:11,9.92,0.7,0.3,0.0,0.0,0.0,0.33
10:12,9.99,0.7,0.3,0.0,0.0,0.0,0.33
10:13,9.99,0.7,0.3,0.0,0.0,0.0,0.33
10:14,10.15,0.7,0.3,0.0,0.0,0.0,0.33
10:15,9.91,0.7,0.3,0.0,0.0,0.0,0.33
10:16,9.84,0.7,0.3,0.0,0.0,0.0,0.33
10:17,9.76,0.7,0.56,0.0,0.0,0.0,0.08
10:18,9.68,0.7,0.56,0.0,0.0,0.0,0.08
10:19,9.56,0.7,0.56,0.0,0.0,0.14,0.08
10:20,9.77,0.7,0.3,0.0,0.0,0.14,0.33
10:21,9.61,0.7,0.58,0.0,0.0,0.39,0.08
10:22,9.48,0.7,0.3,0.0,0.0,0.39,0.08
10:23,9.67,0.7,0.3,0.0,0.0,0.39,0.08
10:24,9.97,0.7,0.3,0.0,0.0,0.25,0.08
10:25,9.96,0.7,0.3,0.0,0.0,0.25,0.08
10:26,9.96,0.7,0.3,0.0,0.0,0.25,0.08
10:27,9.84,0.7,0.3,0.0,0.0,0.39,0.08
10:28,9.95,0.7,0.3,0.07,0.0,0.25,0.08
10:29,9.95,0.7,0.3,0.07,0.0,0.0,0.08
10:30,9.87,0.7,0.3,0.07,0.0,0.0,0.33
10:31,9.91,0.99,0.3,0.07,0.0,0.0,0.33
10:32,9.62,0.99,0.3,0.07,0.0,0.0,0.33
10:33,9.8,0.99,0.3,0.07,0.0,0.0,0.45
10:34,9.68,0.99,0.3,0.07,0.0,0.0,0.33
10:35,9.83,0.99,0.3,0.07,0.0,0.0,0.33
10:36,9.91,0.99,0.3,0.07,0.0,0.0,0.46
10:37,9.91,1.05,0.3,0.0,0.0,0.0,0.54
10:38,9.84,1.32,0.58,0.0,0.0,0.0,0.16
10:39,9.43,1.32,0.58,0.0,0.0,0.0,0.16
10:40,9.67,1.32,0.58,0.0,0.0,0.0,0.16
10:41,9.79,1.32,0.58,0.0,0.0,0.0,0.16
10:42,9.7,1.32,0.58,0.0,0.0,0.0,0.16
10:43,9.91,1.32,0.58,0.0,0.0,0.0,0.16
10:44,9.91,1.05,0.33,0.0,0.0,0.0,0.16
10:45,9.8,1.05,0.33,0.0,0.0,0.0,0.16
10:46,9.8,1.05,0.33,0.0,0.0,0.0,0.16
10:47,9.8,1.05,0.33,0.0,0.0,0.0,0.16
10:48,9.77,1.05,0.33,0.0,0.0,0.0,0.16
10:49,9.67,1.05,0.33,0.0,0.0,0.0,0.41
10:50,9.6,0.98,0.33,0.0,0.0,0.0,0.41
10:51,9.73,0.98,0.33,0.0,0.0,0.0,0.41
10:52,9.65,0.98,0.33,0.0,0.0,0.0,0.16
10:53,9.38,0.98,0.33,0.0,0.0,0.0,0.16
10:54,9.33,0.98,0.33,0.0,0.0,0.0,0.16
10:55,9.33,0.98,0.33,0.0,0.0,0.0,0.16
10:56,9.42,0.98,0.33,0.0,0.0,0.0,0.16
10:57,9.5,0.98,0.33,0.0,0.0,0.0,0.16
10:58,9.51,0.98,0.33,0.0,0.0,0.0,0.16
10:59,9.6,1.07,0.2,0.0,0.0,0.0,0.29
11:00,9.67,1.07,0.2,0.07,0.0,0.0,0.29
11:01,9.59,1.07,0.2,0.07,0.0,0.0,0.29
11:02,10.04,1.07,0.2,0.07,0.0,0.0,0.73
11:03,10.04,1.07,0.2,0.07,0.0,0.0,0.73
11:04,10.04,1.07,0.2,0.07,0.0,0.0,0.73
11:05,9.91,1.07,0.2,0.07,0.0,0.0,0.73
11:06,10.15,1.07,0.2,0.07,0.0,0.0,0.73
11:07,10.3,1.07,0.2,0.07,0.0,0.14,0.73
11:08,10.3,1.07,0.2,0.07,0.0,0.14,0.73
11:09,10.34,1.07,0.2,0.07,0.0,0.14,0.73
11:10,10.34,1.07,0.2,0.07,0.0,0.14,0.73
11:11,9.99,1.07,0.2,0.07,0.0,0.14,0.73
11:12,9.99,1.07,0.2,0.07,0.0,0.14,0.73
11:13,10.06,0.96,0.31,0.07,0.0,0.14,0.73
11:14,10.09,0.96,0.31,0.07,0.0,0.14,0.83
11:15,10.09,0.96,0.31,0.07,0.0,0.14,0.83
11:16,10.43,0.96,0.31,0.07,0.0,0.14,0.83
11:17,10.35,0.96,0.2,0.07,0.0,0.14,0.83
11:18,10.56,0.96,0.2,0.07,0.0,0.14,0.93
11:19,10.56,0.96,0.2,0.07,0.0,0.14,1.18
11:20,10.32,1.03,0.2,0.07,0.0,0.14,1.18
11:21,10.33,1.03,0.2,0.07,0.0,0.14,1.18
11:22,10.4,1.03,0.2,0.07,0.0,0.14,1.18
11:23,10.32,1.03,0.2,0.07,0.0,0.14,1.18
11:24,10.32,1.03,0.2,0.07,0.0,0.14,1.18
11:25,10.27,1.03,0.2,0.07,0.0,0.14,1.18
11:26,10.59,1.03,0.2,0.21,0.0,0.27,1.26
11:27,10.67,1.03,0.2,0.07,0.0,0.27,1.26
11:28,10.52,1.03,0.2,0.07,0.0,0.14,1.26
11:29,10.38,1.03,0.2,0.07,0.0,0.14,1.19
11:30,10.3,1.03,0.2,0.07,0.0,0.14,1.11
11:31,10.3,1.03,0.64,0.2,0.0,0.14,0.33
11:32,10.3,1.03,0.64,0.2,0.0,0.14,0.08
11:33,10.18,1.03,0.9,0.07,0.0,0.14,0.08
11:34,10.13,1.03,0.9,0.07,0.0,0.14,0.08
11:35,10.02,0.92,0.9,0.07,0.0,0.14,0.08
11:36,10.12,0.92,0.9,0.07,0.0,0.14,0.08
11:37,9.86,0.92,0.9,0.07,0.0,0.14,0.08
11:38,9.97,0.92,0.9,0.07,0.0,0.14,0.08
11:39,9.97,0.85,0.9,0.07,0.0,0.14,0.08
11:40,9.97,0.85,0.45,0.07,0.0,0.69,0.08
11:41,9.95,0.85,0.45,0.07,0.0,0.69,0.08
11:42,9.78,0.85,0.45,0.07,0.0,0.24,0.53
11:43,9.97,0.57,0.73,0.07,0.0,0.14,0.53
11:44,9.97,0.57,0.73,0.07,0.0,0.14,0.53
11:45,10.29,0.57,0.48,0.07,0.0,0.14,0.08
11:46,10.19,0.55,0.57,0.07,0.0,0.14,0.08
11:47,10.1,0.55,0.57,0.07,0.0,0.14,0.08
11:48,10.28,0.55,0.57,0.07,0.0,0.14,0.08
11:49,10.03,0.55,0.57,0.07,0.0,0.14,0.08
11:50,10.16,0.55,0.57,0.07,0.0,0.14,0.08
11:51,10.16,0.55,0.57,0.07,0.0,0.14,0.08
11:52,10.13,0.55,0.57,0.07,0.0,0.14,0.08
11:53,10.29,0.55,0.82,0.15,0.0,0.0,0.08
11:54,10.18,0.55,0.73,0.15,0.0,0.0,0.08
11:55,10.18,0.55,0.73,0.15,0.0,0.14,0.08
11:56,10.2,0.55,0.73,0.15,0.0,0.0,0.08
11:57,10.2,0.55,0.73,0.15,0.0,0.0,0.08
11:58,10.28,0.55,0.73,0.15,0.0,0.0,0.08
11:59,10.38,0.55,0.73,0.15,0.0,0.0,0.08
12:00,10.44,0.55,0.73,0.15,0.0,0.0,0.08
12:01,10.73,0.55,0.73,0.15,0.0,0.0,0.08
12:02,10.43,0.55,0.73,0.15,0.0,0.0,0.15
12:03,10.19,0.55,0.73,0.15,0.0,0.0,0.6
12:04,10.19,0.55,0.73,0.15,0.0,0.0,0.6
12:05,10.29,0.55,0.73,0.15,0.0,0.0,0.6
12:06,10.29,0.55,0.73,0.15,0.0,0.0,0.6
12:07,10.14,0.55,0.73,0.15,0.0,0.0,0.53
12:08,10.06,0.55,0.73,0.15,0.0,0.0,0.53
12:09,10.19,0.55,0.73,0.15,0.0,0.14,0.53
12:10,10.49,0.55,0.73,0.15,0.0,0.14,0.53
12:11,10.49,0.55,0.73,0.15,0.0,0.14,0.53
12:12,10.59,0.55,0.73,0.15,0.0,0.14,0.53
12:13,10.59,0.55,0.73,0.15,0.0,0.14,0.53
12:14,10.29,0.55,0.73,0.15,0.0,0.14,0.53
12:15,10.36,0.55,0.73,0.15,0.0,0.14,0.53
12:16,10.48,0.55,0.73,0.15,0.0,0.14,0.53
12:17,10.63,0.63,0.73,0.07,0.0,0.14,0.53
12:18,10.45,0.63,0.54,0.07,0.0,0.14,0.72
12:19,10.02,0.63,0.54,0.07,0.0,0.14,0.72
12:20,9.93,0.63,0.54,0.07,0.0,0.14,0.72
12:21,9.93,0.63,0.54,0.07,0.0,0.14,0.72
12:22,9.93,0.63,0.54,0.07,0.0,0.14,0.72
12:23,10.05,0.63,0.54,0.07,0.0,0.14,0.72
12:24,9.87,0.55,0.54,0.07,0.0,0.14,0.72
12:25,9.95,0.55,0.54,0.07,0.0,0.22,0.72
12:26,9.76,0.55,0.54,0.07,0.0,0.22,0.9
12:27,9.84,0.55,0.54,0.07,0.0,0.0,0.9
12:28,9.83,0.55,0.54,0.07,0.0,0.0,0.9
12:29,9.67,0.55,0.54,0.07,0.0,0.0,0.9
12:30,9.67,0.55,0.54,0.07,0.0,0.0,0.9
12:31,9.57,0.55,0.54,0.07,0.0,0.0,0.9
12:32,9.83,0.55,0.54,0.07,0.0,0.0,0.9
12:33,9.83,0.55,0.54,0.07,0.0,0.0,0.9
12:34,9.8,0.55,0.28,0.07,0.0,0.0,1.15
12:35,9.56,0.55,0.28,0.07,0.0,0.0,1.15
12:36,9.76,1.0,0.28,0.07,0.0,0.0,0.7
12:37,9.94,1.0,0.54,0.07,0.0,0.0,0.57
12:38,10.05,0.55,0.98,0.07,0.0,0.0,0.57
12:39,10.13,0.55,1.09,0.07,0.0,0.0,0.57
12:40,10.21,0.55,1.09,0.07,0.0,0.0,0.57
12:41,10.04,0.55,1.09,0.07,0.0,0.0,0.57
12:42,10.04,0.55,1.09,0.07,0.0,0.0,0.57
12:43,10.19,0.62,1.09,0.07,0.0,0.0,0.57
12:44,9.72,0.31,1.09,0.07,0.0,0.0,0.57
12:45,9.62,0.25,1.21,0.07,0.0,0.0,0.57
12:46,9.6,0.25,1.27,0.07,0.0,0.0,0.57
12:47,9.6,0.25,1.35,0.07,0.0,0.0,0.57
12:48,9.6,0.25,1.35,0.07,0.0,0.0,0.57
12:49,9.6,0.25,1.35,0.07,0.0,0.0,0.57
12:50,9.66,0.25,1.35,0.07,0.0,0.0,0.57
12:51,9.56,0.25,1.35,0.07,0.0,0.0,0.57
12:52,9.56,0.25,1.35,0.07,0.0,0.0,0.57
12:53,9.8,0.25,1.28,0.07,0.0,0.0,0.57
12:54,9.49,0.25,1.28,0.07,0.0,0.0,0.57
12:55,9.52,0.25,1.28,0.07,0.0,0.0,0.57
12:56,9.23,0.25,1.28,0.07,0.0,0.0,0.57
12:57,9.23,0.25,1.28,0.07,0.0,0.0,0.57
12:58,9.26,0.25,1.28,0.07,0.0,0.0,0.57
12:59,9.18,0.25,1.28,0.07,0.0,0.0,0.49
13:00,9.56,0.25,1.28,0.07,0.0,0.0,0.49
13:01,9.88,0.25,1.28,0.07,0.0,0.0,0.49
13:02,9.99,0.25,1.28,0.07,0.0,0.0,0.49
13:03,10.32,0.25,1.28,0.07,0.0,0.0,0.49
13:04,10.2,0.25,1.28,0.07,0.0,0.0,0.49
13:05,10.32,0.25,1.28,0.07,0.0,0.0,0.49
13:06,10.48,0.25,1.26,0.07,0.0,0.0,0.49
13:07,10.57,0.18,1.26,0.07,0.0,0.0,0.49
13:08,10.46,0.18,1.26,0.07,0.0,0.0,0.49
13:09,10.24,0.18,1.26,0.07,0.0,0.0,0.49
13:10,10.26,0.18,1.26,0.07,0.0,0.0,0.49
13:11,10.36,0.18,1.26,0.07,0.0,0.0,0.49
13:12,10.12,0.18,1.26,0.07,0.0,0.0,0.49
13:13,10.12,0.18,1.33,0.07,0.0,0.0,0.49
13:14,10.12,0.18,1.33,0.07,0.0,0.0,0.49
13:15,10.03,0.18,1.17,0.07,0.0,0.07,0.49
13:16,10.01,0.18,1.33,0.07,0.0,0.0,0.49
13:17,9.77,0.18,1.26,0.07,0.0,0.0,0.49
13:18,9.75,0.18,1.26,0.07,0.0,0.0,0.49
13:19,10.03,0.18,1.26,0.07,0.0,0.0,0.49
13:20,10.02,0.18,0.81,0.07,0.0,0.0,0.49
13:21,9.92,0.18,0.7,0.07,0.0,0.14,0.49
13:22,9.8,0.18,0.87,0.07,0.0,0.14,0.49
13:23,9.55,0.25,0.87,0.07,0.0,0.14,0.59
13:24,9.67,0.25,0.87,0.07,0.0,0.14,0.59
13:25,9.43,0.37,0.87,0.07,0.0,0.14,0.59
13:26,9.58,0.37,0.7,0.07,0.0,0.14,0.77
13:27,9.91,0.4,0.77,0.07,0.0,0.14,0.77
13:28,10.18,0.4,0.77,0.07,0.0,0.14,0.49
13:29,10.09,0.29,0.77,0.07,0.0,0.14,0.49
13:30,9.87,0.29,0.77,0.07,0.0,0.23,0.49
13:31,9.76,0.29,0.84,0.0,0.0,0.23,0.49
13:32,9.49,0.29,0.93,0.0,0.0,0.14,0.49
13:33,9.66,0.29,1.23,0.0,0.0,0.21,0.49
13:34,9.59,0.29,0.69,0.0,0.0,0.59,0.58
13:35,9.47,0.29,0.69,0.0,0.0,0.68,0.37
13:36,9.36,0.18,0.69,0.0,0.0,0.79,0.37
13:37,9.29,0.18,0.69,0.0,0.0,0.56,0.46
13:38,9.4,0.29,0.69,0.0,0.0,0.0,0.91
13:39,9.18,0.18,0.69,0.0,0.0,0.0,0.91
13:40,9.42,0.18,0.77,0.0,0.0,0.0,0.91
13:41,9.67,0.18,1.22,0.0,0.0,0.0,0.46
13:42,9.66,0.07,1.22,0.0,0.0,0.0,0.57
13:43,9.53,0.07,1.22,0.0,0.0,0.0,0.57
13:44,9.53,0.07,1.22,0.0,0.0,0.0,0.57
13:45,9.72,0.07,1.22,0.0,0.0,0.0,0.57
13:46,9.66,0.07,1.22,0.0,0.0,0.0,0.57
13:47,9.93,0.07,1.22,0.0,0.0,0.0,0.67
13:48,10.07,0.07,1.22,0.0,0.0,0.0,0.67
13:49,9.96,0.18,1.33,0.0,0.0,0.0,0.56
13:50,10.21,0.36,1.33,0.0,0.0,0.0,0.56
13:51,10.09,0.36,1.33,0.0,0.0,0.0,0.49
13:52,9.89,0.36,1.33,0.0,0.0,0.0,0.49
13:53,9.91,0.36,1.33,0.0,0.0,0.0,0.61
13:54,9.86,0.36,1.22,0.0,0.0,0.11,0.61
13:55,9.86,0.36,0.77,0.0,0.0,0.56,0.61
13:56,9.75,0.36,0.77,0.0,0.0,0.56,0.61
13:57,9.96,0.36,0.77,0.0,0.0,0.56,0.61
13:58,10.12,0.36,0.77,0.0,0.0,0.56,0.61
13:59,10.16,0.36,0.77,0.0,0.0,0.56,0.61
14:00,10.53,0.36,0.77,0.0,0.0,0.56,0.61
14:01,10.53,0.36,0.77,0.0,0.0,0.56,0.61
14:02,10.59,0.36,1.22,0.0,0.0,0.11,0.51
14:03,10.57,0.36,1.22,0.0,0.0,0.11,0.51
14:04,10.5,0.36,0.77,0.0,0.0,0.11,0.96
14:05,10.76,0.36,0.77,0.0,0.0,0.11,0.96
14:06,10.79,0.36,0.77,0.0,0.0,0.45,0.51
14:07,10.7,0.36,0.77,0.0,0.0,0.45,0.51
14:08,10.59,0.43,0.77,0.0,0.0,0.59,0.51
14:09,10.69,0.43,0.77,0.0,0.0,0.45,0.51
14:10,10.66,0.43,0.77,0.0,0.0,0.45,0.51
14:11,10.52,0.43,0.77,0.0,0.0,0.0,0.96
14:12,10.65,0.43,0.77,0.0,0.0,0.0,0.96
14:13,10.34,0.43,1.22,0.0,0.0,0.14,0.51
14:14,10.51,0.43,1.22,0.0,0.0,0.0,0.51
14:15,10.39,0.43,1.22,0.0,0.0,0.0,0.51
14:16,10.53,0.43,1.22,0.0,0.0,0.0,0.51
14:17,10.51,0.43,1.22,0.0,0.0,0.0,0.51
14:18,10.77,0.36,1.22,0.0,0.0,0.0,0.51
14:19,10.91,0.36,0.77,0.0,0.0,0.0,0.86
14:20,10.91,0.36,0.77,0.0,0.0,0.0,0.86
14:21,11.24,0.52,0.85,0.0,0.0,0.45,0.41
14:22,10.85,0.31,0.85,0.0,0.0,0.45,0.41
14:23,11.04,0.31,0.85,0.0,0.0,0.45,0.5
14:24,10.73,0.31,0.85,0.0,0.0,0.45,0.5
14:25,10.66,0.25,0.85,0.12,0.0,0.45,0.38
14:26,10.2,0.25,0.85,0.12,0.0,0.0,0.38
14:27,10.33,0.25,0.85,0.12,0.0,0.0,0.38
14:28,10.25,0.25,0.85,0.12,0.0,0.0,0.38
14:29,10.58,0.25,0.85,0.12,0.0,0.0,0.38
14:30,10.58,0.25,0.85,0.12,0.0,0.0,0.38
14:31,10.68,0.25,0.85,0.12,0.0,0.0,0.38
14:32,10.68,0.25,0.94,0.12,0.0,0.0,0.29
14:33,10.34,0.25,0.94,0.12,0.0,0.0,0.29
14:34,10.25,0.25,0.86,0.12,0.0,0.09,0.09
14:35,10.31,0.25,0.86,0.12,0.0,0.0,0.09
14:36,10.4,0.25,0.86,0.12,0.0,0.0,0.09
14:37,10.4,0.25,0.93,0.12,0.0,0.0,0.09
14:38,10.5,0.32,0.86,0.12,0.0,0.0,0.09
14:39,10.5,0.32,0.86,0.12,0.0,0.0,0.09
14:40,10.43,0.25,0.86,0.12,0.0,0.0,0.29
14:41,10.64,0.25,0.97,0.12,0.0,0.0,0.36
14:42,10.54,0.25,0.97,0.12,0.0,0.0,0.29
14:43,10.62,0.25,1.06,0.12,0.0,0.0,0.29
14:44,10.62,0.34,1.15,0.2,0.0,0.0,0.1
14:45,10.44,0.34,1.15,0.2,0.0,0.0,0.1
14:46,10.54,0.25,1.15,0.2,0.0,0.0,0.1
14:47,10.82,0.25,1.15,0.2,0.0,0.0,0.0
14:48,11.04,0.25,1.15,0.26,0.0,0.0,0.0
14:49,11.13,0.25,1.15,0.19,0.0,0.0,0.0
14:50,11.13,0.25,1.15,0.19,0.0,0.0,0.0
14:51,11.34,0.25,1.15,0.19,0.0,0.0,0.0
14:52,11.58,0.31,1.15,0.12,0.0,0.0,0.1
14:53,11.47,0.31,1.06,0.12,0.0,0.0,0.18
14:54,11.34,0.31,0.99,0.12,0.0,0.0,0.1
14:55,11.34,0.31,0.99,0.12,0.0,0.0,0.1
14:56,11.2,0.25,0.99,0.12,0.0,0.0,0.1
14:57,11.15,0.25,1.08,0.12,0.0,0.0,0.1
14:58,11.24,0.25,1.15,0.12,0.0,0.0,0.1
14:59,10.97,0.25,1.06,0.12,0.0,0.0,0.19
15:00,11.23,0.25,1.06,0.12,0.0,0.0,0.19
15:01,11.55,0.25,1.06,0.12,0.0,0.0,0.19
15:02,11.38,0.25,1.06,0.12,0.0,0.0,0.48
15:03,11.28,0.25,1.06,0.12,0.0,0.0,0.48
15:04,11.43,0.25,1.06,0.12,0.0,0.0,0.48
15:05,11.54,0.25,1.06,0.12,0.0,0.0,0.48
15:06,11.61,0.25,1.06,0.12,0.0,0.0,0.48
15:07,11.61,0.25,1.06,0.12,0.0,0.0,0.48
15:08,11.69,0.25,1.06,0.12,0.0,0.0,0.48
15:09,11.69,0.25,1.06,0.12,0.0,0.0,0.48
15:10,11.84,0.25,1.06,0.12,0.0,0.0,0.48
15:11,11.79,0.25,0.99,0.0,0.0,0.0,0.48
15:12,11.41,0.25,0.99,0.0,0.0,0.0,0.19
15:13,11.38,0.32,0.99,0.0,0.0,0.0,0.19
15:14,10.99,0.25,1.06,0.0,0.0,0.0,0.19
15:15,10.9,0.25,1.06,0.0,0.0,0.0,0.19
15:16,10.96,0.25,1.06,0.07,0.0,0.0,0.19
15:17,10.97,0.25,1.06,0.07,0.0,0.0,0.19
15:18,10.87,0.25,1.06,0.07,0.0,0.0,0.19
15:19,11.13,0.25,1.19,0.07,0.0,0.0,0.19
15:20,11.15,0.25,1.06,0.19,0.0,0.0,0.19
15:21,11.25,0.25,1.14,0.19,0.0,0.0,0.19
15:22,11.41,0.32,1.06,0.19,0.0,0.0,0.19
15:23,11.08,0.25,1.06,0.19,0.08,0.0,0.19
15:24,11.17,0.25,1.06,0.19,0.08,0.0,0.19
15:25,11.24,0.25,1.06,0.19,0.08,0.0,0.19
15:26,10.85,0.25,1.06,0.19,0.0,0.0,0.19
15:27,11.11,0.25,1.06,0.19,0.0,0.0,0.19
15:28,10.98,0.25,1.06,0.07,0.0,0.0,0.19
15:29,11.15,0.25,1.06,0.07,0.0,0.0,0.19
15:30,11.15,0.34,1.06,0.07,0.0,0.0,0.19
15:31,11.15,0.34,1.06,0.07,0.0,0.0,0.19
15:32,11.22,0.34,1.06,0.07,0.0,0.0,0.19
15:33,11.19,0.34,1.06,0.07,0.0,0.0,0.26
15:34,11.02,0.34,0.78,0.07,0.0,0.0,0.26
15:35,11.17,0.34,0.89,0.07,0.0,0.0,0.26
15:36,11.13,0.34,0.89,0.0,0.0,0.0,0.26
15:37,10.95,0.34,0.89,0.0,0.0,0.0,0.26
15:38,11.07,0.34,0.89,0.09,0.0,0.0,0.17
15:39,11.07,0.34,0.89,0.09,0.0,0.0,0.17
15:40,11.07,0.34,0.89,0.0,0.0,0.0,0.26
15:41,11.18,0.45,0.78,0.0,0.0,0.0,0.37
15:42,11.17,0.25,0.78,0.0,0.0,0.0,0.37
15:43,10.98,0.25,0.78,0.0,0.0,0.0,0.55
15:44,10.94,0.35,1.05,0.0,0.0,0.0,0.28
15:45,10.86,0.35,1.05,0.0,0.0,0.0,0.2
15:46,11.25,0.35,0.87,0.0,0.0,0.0,0.2
15:47,11.35,0.35,0.87,0.0,0.0,0.0,0.2
15:48,11.49,0.35,0.87,0.0,0.0,0.0,0.2
15:49,11.25,0.35,0.87,0.0,0.0,0.0,0.2
15:50,11.28,0.35,0.87,0.0,0.0,0.0,0.2
15:51,11.52,0.35,0.87,0.0,0.0,0.0,0.1
15:52,11.5,0.35,0.87,0.0,0.0,0.0,0.1
15:53,11.56,0.35,0.78,0.0,0.0,0.09,0.1
15:54,11.56,0.35,0.78,0.0,0.0,0.09,0.1
15:55,11.73,0.44,0.78,0.0,0.0,0.09,0.1
15:56,11.82,0.44,0.78,0.0,0.0,0.09,0.1
15:57,11.71,0.44,0.78,0.0,0.0,0.29,0.1
15:58,11.88,0.6,0.78,0.0,0.0,0.29,0.1
15:59,11.88,0.6,0.78,0.0,0.0,0.29,0.1
16:00,11.68,0.6,0.78,0.0,0.0,0.29,0.1
16:01,12.04,0.6,0.78,0.0,0.0,0.29,0.1
16:02,12.18,0.53,0.87,0.0,0.0,0.29,0.2
16:03,12.32,0.53,0.87,0.0,0.0,0.29,0.43
16:04,12.55,0.53,1.0,0.0,0.0,0.29,0.43
16:05,12.88,0.53,1.0,0.0,0.0,0.29,0.43
16:06,13.17,0.63,1.0,0.0,0.0,0.29,0.43
16:07,12.8,0.74,1.0,0.0,0.0,0.29,0.43
16:08,12.56,0.74,1.08,0.0,0.0,0.29,0.43
16:09,12.48,0.74,1.15,0.0,0.0,0.36,0.2
16:10,12.15,0.74,1.01,0.0,0.0,0.17,0.2
16:11,12.15,0.83,0.92,0.0,0.0,0.17,0.2
16:12,12.47,0.73,1.02,0.0,0.0,0.17,0.34
16:13,11.92,0.62,0.93,0.0,0.0,0.17,0.2
16:14,11.71,0.62,0.93,0.0,0.0,0.17,0.2
16:15,12.02,0.63,0.93,0.0,0.0,0.27,0.2
16:16,11.9,0.63,0.81,0.0,0.0,0.27,0.2
16:17,12.04,0.63,0.93,0.1,0.0,0.07,0.29
16:18,12.25,0.63,0.93,0.1,0.0,0.07,0.29
16:19,12.33,0.71,0.93,0.1,0.0,0.07,0.29
16:20,12.44,0.71,0.93,0.1,0.0,0.07,0.29
16:21,12.24,0.71,0.93,0.1,0.0,0.07,0.29
16:22,12.03,0.71,0.93,0.1,0.0,0.07,0.29
16:23,12.11,0.71,0.93,0.1,0.0,0.07,0.29
16:24,12.11,0.71,0.93,0.1,0.0,0.07,0.2
16:25,12.11,0.71,0.93,0.1,0.0,0.07,0.2
16:26,12.51,0.71,0.93,0.1,0.0,0.07,0.2
16:27,12.51,0.71,0.93,0.1,0.0,0.07,0.2
16:28,12.38,0.71,0.79,0.1,0.0,0.07,0.2
16:29,12.26,0.71,0.68,0.1,0.0,0.07,0.38
16:30,12.34,0.71,0.77,0.1,0.0,0.18,0.2
16:31,12.19,0.71,0.77,0.1,0.0,0.18,0.2
16:32,12.24,0.71,0.91,0.1,0.0,0.18,0.28
16:33,12.59,0.71,1.02,0.1,0.0,0.07,0.38
16:34,12.66,0.71,1.02,0.1,0.0,0.07,0.38
16:35,12.9,0.71,1.02,0.1,0.0,0.07,0.38
16:36,12.98,0.89,0.84,0.23,0.0,0.07,0.38
16:37,12.98,0.89,0.84,0.1,0.0,0.07,0.38
16:38,12.74,0.67,0.84,0.1,0.0,0.07,0.38
16:39,13.0,0.67,0.84,0.1,0.0,0.07,0.38
16:40,12.68,0.62,0.84,0.1,0.0,0.07,0.38
16:41,12.97,0.62,0.84,0.1,0.0,0.21,0.38
16:42,13.4,0.62,0.84,0.1,0.0,0.4,0.38
16:43,13.24,0.62,0.84,0.1,0.0,0.4,0.38
16:44,13.3,0.62,0.84,0.1,0.0,0.4,0.3
16:45,13.5,0.73,0.93,0.0,0.0,0.26,0.3
16:46,13.4,0.73,0.84,0.0,0.0,0.07,0.3
16:47,13.29,0.73,0.84,0.0,0.0,0.07,0.3
16:48,13.51,0.73,0.84,0.0,0.0,0.07,0.3
16:49,13.21,0.73,0.84,0.0,0.0,0.07,0.3
16:50,13.6,0.73,0.84,0.0,0.0,0.07,0.3
16:51,13.85,0.73,0.84,0.0,0.0,0.07,0.3
16:52,13.56,0.73,0.95,0.0,0.0,0.07,0.3
16:53,13.61,0.64,0.84,0.09,0.0,0.07,0.3
16:54,13.68,0.57,0.84,0.09,0.0,0.07,0.3
16:55,14.03,0.57,0.84,0.09,0.0,0.07,0.3
16:56,13.85,0.57,0.84,0.09,0.0,0.07,0.3
16:57,13.71,0.57,0.76,0.09,0.0,0.07,0.2
16:58,13.64,0.57,0.76,0.0,0.0,0.07,0.2
16:59,14.39,0.57,0.76,0.0,0.0,0.07,0.27
17:00,14.51,0.57,0.76,0.0,0.0,0.07,0.27
17:01,14.91,0.57,0.65,0.0,0.0,0.18,0.27
17:02,14.91,0.68,0.65,0.0,0.0,0.07,0.27
17:03,14.97,0.57,0.65,0.0,0.0,0.07,0.31
17:04,15.04,0.57,0.65,0.0,0.0,0.07,0.37
17:05,15.04,0.57,0.65,0.0,0.0,0.07,0.31
17:06,15.13,0.57,0.65,0.0,0.0,0.07,0.31
17:07,15.11,0.57,0.65,0.0,0.0,0.07,0.38
17:08,15.35,0.57,0.65,0.0,0.0,0.07,0.31
17:09,15.42,0.57,0.51,0.07,0.0,0.07,0.31
17:10,15.27,0.57,0.51,0.07,0.0,0.07,0.31
17:11,15.05,0.65,0.51,0.0,0.0,0.07,0.31
17:12,15.05,0.49,0.58,0.0,0.0,0.07,0.21
17:13,15.21,0.49,0.58,0.0,0.0,0.07,0.21
17:14,14.97,0.49,0.58,0.0,0.0,0.07,0.21
17:15,15.03,0.49,0.58,0.0,0.0,0.07,0.21
17:16,15.21,0.49,0.51,0.0,0.0,0.15,0.31
17:17,15.48,0.49,0.51,0.0,0.0,0.15,0.31
17:18,15.2,0.49,0.58,0.0,0.0,0.07,0.31
17:19,14.87,0.49,0.58,0.0,0.0,0.07,0.31
17:20,14.96,0.49,0.69,0.0,0.0,0.07,0.31
17:21,14.96,0.49,0.69,0.0,0.0,0.07,0.4
17:22,14.94,0.49,0.69,0.0,0.0,0.07,0.4
17:23,14.87,0.49,0.87,0.09,0.0,0.07,0.31
17:24,14.88,0.49,0.8,0.0,0.0,0.17,0.31
17:25,15.01,0.49,0.8,0.0,0.0,0.17,0.31
17:26,15.05,0.49,0.8,0.0,0.0,0.17,0.31
17:27,15.05,0.49,0.8,0.0,0.0,0.17,0.31
17:28,15.6,0.49,0.8,0.0,0.0,0.25,0.31
17:29,15.92,0.49,0.8,0.0,0.0,0.25,0.31
17:30,15.98,0.49,0.69,0.0,0.0,0.25,0.31
17:31,15.74,0.49,0.69,0.0,0.0,0.36,0.2
17:32,15.63,0.49,0.69,0.0,0.0,0.36,0.2
17:33,15.78,0.83,0.69,0.0,0.0,0.36,0.2
17:34,16.3,0.91,0.78,0.0,0.0,0.18,0.2
17:35,16.09,0.91,0.78,0.0,0.0,0.18,0.2
17:36,16.16,0.91,0.78,0.0,0.0,0.18,0.1
17:37,16.16,1.01,0.8,0.0,0.0,0.18,0.1
17:38,16.14,1.01,0.8,0.0,0.0,0.18,0.1
17:39,16.07,0.91,0.71,0.11,0.0,0.18,0.2
17:40,16.52,1.02,0.71,0.0,0.0,0.18,0.2
17:41,16.74,0.91,0.71,0.0,0.0,0.18,0.31
17:42,17.17,0.91,0.71,0.0,0.0,0.18,0.31
17:43,17.19,0.74,0.71,0.0,0.0,0.18,0.31
17:44,17.04,0.74,0.8,0.0,0.0,0.18,0.31
17:45,17.22,0.74,0.8,0.11,0.0,0.18,0.2
17:46,17.31,0.74,0.91,0.0,0.0,0.18,0.2
17:47,17.72,0.74,0.8,0.0,0.0,0.18,0.1
17:48,17.51,0.74,0.9,0.0,0.0,0.18,0.1
17:49,17.44,0.83,0.71,0.0,0.0,0.18,0.1
17:50,17.82,0.83,0.53,0.0,0.0,0.18,0.1
17:51,17.84,0.75,0.53,0.0,0.0,0.28,0.19
17:52,17.84,0.65,0.53,0.0,0.0,0.36,0.2
17:53,18.04,0.65,0.53,0.09,0.0,0.11,0.2
17:54,18.0,0.65,0.53,0.09,0.0,0.11,0.2
17:55,17.97,0.65,0.53,0.09,0.0,0.11,0.2
17:56,17.68,0.65,0.42,0.09,0.0,0.11,0.1
17:57,17.68,0.65,0.42,0.0,0.0,0.11,0.1
17:58,17.82,0.65,0.42,0.0,0.0,0.11,0.1
17:59,17.99,0.65,0.42,0.0,0.0,0.11,0.1
18:00,17.73,0.65,0.42,0.0,0.0,0.34,0.27
18:01,18.06,0.65,0.42,0.11,0.0,0.34,0.27
18:02,18.08,0.83,0.52,0.11,0.0,0.09,0.27
18:03,17.69,0.83,0.42,0.11,0.0,0.2,0.27
18:04,17.62,0.83,0.52,0.11,0.0,0.09,0.27
18:05,18.19,0.83,0.52,0.11,0.0,0.09,0.41
18:06,18.27,0.83,0.52,0.0,0.0,0.09,0.41
18:07,18.22,0.83,0.51,0.0,0.0,0.14,0.63
18:08,18.46,0.83,0.42,0.0,0.0,0.14,0.65
18:09,18.23,0.83,0.42,0.0,0.0,0.14,0.65
18:10,18.35,0.83,0.42,0.0,0.0,0.14,0.65
18:11,18.49,0.83,0.42,0.0,0.0,0.14,0.65
18:12,19.48,0.9,0.42,0.0,0.0,0.14,0.65
18:13,19.46,0.9,0.42,0.0,0.0,0.14,0.65
18:14,19.53,1.08,0.5,0.0,0.0,0.14,0.65
18:15,19.61,1.08,0.5,0.0,0.0,0.14,0.65
18:16,19.61,1.0,0.5,0.16,0.0,0.14,0.65
18:17,19.83,1.0,0.5,0.16,0.0,0.14,0.65
18:18,20.09,1.0,0.5,0.16,0.0,0.14,0.65
18:19,20.11,1.0,0.59,0.16,0.0,0.14,0.65
18:20,20.24,1.0,0.59,0.16,0.0,0.14,0.65
18:21,20.19,1.0,0.59,0.16,0.08,0.14,0.65
18:22,20.04,1.09,0.58,0.16,0.0,0.14,0.65
18:23,19.79,1.3,0.58,0.16,0.0,0.14,0.43
18:24,19.87,1.3,0.58,0.16,0.0,0.14,0.59
18:25,19.53,1.15,0.71,0.16,0.0,0.14,0.51
18:26,20.12,1.15,0.58,0.16,0.0,0.14,0.51
18:27,20.17,1.15,0.58,0.16,0.0,0.3,0.25
18:28,20.13,1.15,0.5,0.16,0.0,0.3,0.25
18:29,20.38,1.32,0.5,0.16,0.0,0.3,0.25
18:30,20.74,1.14,0.5,0.16,0.0,0.3,0.33
18:31,20.84,1.14,0.61,0.16,0.0,0.3,0.33
18:32,20.96,0.82,0.89,0.16,0.08,0.3,0.33
18:33,20.87,0.71,0.61,0.16,0.0,0.16,0.61
18:34,21.57,0.71,0.84,0.16,0.0,0.16,0.52
18:35,21.55,0.71,0.84,0.16,0.0,0.16,0.35
18:36,21.75,0.77,1.05,0.16,0.0,0.0,0.26
18:37,21.97,0.71,1.05,0.24,0.0,0.0,0.51
18:38,21.86,0.9,1.05,0.16,0.0,0.0,0.41
18:39,21.86,0.71,1.05,0.25,0.0,0.0,0.16
18:40,21.82,0.71,1.05,0.25,0.0,0.0,0.16
18:41,22.45,0.31,1.15,0.16,0.0,0.22,0.16
18:42,22.48,0.53,1.31,0.16,0.0,0.0,0.26
18:43,22.65,0.53,1.31,0.16,0.0,0.0,0.16
18:44,22.76,0.91,0.93,0.16,0.0,0.0,0.16
18:45,22.9,0.76,0.93,0.16,0.0,0.0,0.16
18:46,22.84,0.84,0.93,0.25,0.0,0.0,0.16
18:47,22.8,0.84,0.72,0.25,0.0,0.0,0.16
18:48,22.57,0.84,0.72,0.25,0.0,0.18,0.16
18:49,22.7,1.02,0.72,0.25,0.0,0.0,0.16
18:50,22.95,1.02,0.72,0.4,0.0,0.0,0.16
18:51,23.3,0.92,0.72,0.25,0.0,0.0,0.39
18:52,23.46,0.92,0.72,0.25,0.0,0.16,0.23
18:53,23.53,0.82,0.69,0.25,0.0,0.44,0.16
18:54,23.67,0.59,0.6,0.16,0.0,0.44,0.16
18:55,23.75,0.59,0.6,0.16,0.0,0.44,0.16
18:56,23.79,0.51,0.68,0.16,0.0,0.28,0.31
18:57,23.58,0.43,0.84,0.16,0.0,0.28,0.16
18:58,23.3,0.43,0.68,0.16,0.0,0.44,0.16
18:59,24.13,0.43,0.81,0.16,0.0,0.36,0.31
19:00,24.27,0.42,0.81,0.07,0.0,0.36,0.41
19:01,23.97,0.3,0.98,0.07,0.0,0.18,0.31
19:02,24.34,0.3,0.98,0.07,0.0,0.18,0.31
19:03,24.42,0.3,0.98,0.07,0.0,0.18,0.31
19:04,24.54,0.3,0.9,0.07,0.0,0.26,0.31
19:05,24.62,0.3,1.09,0.07,0.0,0.0,0.39
19:06,24.63,0.3,1.09,0.07,0.0,0.0,0.39
19:07,24.98,0.22,1.18,0.07,0.0,0.0,0.39
19:08,25.5,0.22,1.18,0.07,0.0,0.08,0.31
19:09,25.52,0.22,1.25,0.07,0.0,0.0,0.31
19:10,25.55,0.22,1.42,0.07,0.0,0.0,0.31
19:11,25.7,0.31,1.25,0.07,0.0,0.0,0.39
19:12,25.69,0.22,1.25,0.07,0.0,0.0,0.39
19:13,26.04,0.29,1.25,0.07,0.0,0.14,0.39
19:14,26.19,0.29,1.25,0.07,0.0,0.14,0.39
19:15,26.24,0.29,1.25,0.07,0.0,0.14,0.39
19:16,26.07,0.28,1.33,0.07,0.0,0.14,0.39
19:17,26.09,0.28,1.33,0.07,0.0,0.16,0.16
19:18,26.23,0.28,1.07,0.07,0.0,0.23,0.27
19:19,26.76,0.47,0.98,0.07,0.0,0.23,0.27
19:20,26.94,0.22,0.98,0.07,0.0,0.07,0.24
19:21,27.2,0.22,1.16,0.07,0.0,0.07,0.32
19:22,27.08,0.22,1.16,0.07,0.0,0.07,0.24
19:23,27.44,0.22,1.16,0.07,0.0,0.07,0.24
19:24,27.26,0.22,1.16,0.07,0.0,0.07,0.24
19:25,27.26,0.22,1.16,0.07,0.0,0.07,0.24
19:26,27.15,0.22,1.05,0.07,0.0,0.08,0.31
19:27,27.02,0.29,1.05,0.07,0.0,0.08,0.31
19:28,27.25,0.29,1.05,0.07,0.0,0.08,0.31
19:29,27.1,0.29,1.05,0.16,0.0,0.08,0.31
19:30,27.29,0.29,0.84,0.16,0.0,0.08,0.52
19:31,27.21,0.5,0.84,0.16,0.0,0.08,0.31
19:32,27.12,0.5,0.84,0.16,0.0,0.08,0.46
19:33,27.31,0.5,0.84,0.16,0.0,0.08,0.46
19:34,27.55,0.5,0.91,0.16,0.0,0.08,0.46
19:35,27.49,0.5,0.91,0.16,0.08,0.08,0.46
19:36,27.59,0.5,0.84,0.16,0.0,0.08,0.46
19:37,27.41,0.5,0.84,0.16,0.0,0.08,0.46
19:38,27.67,0.5,0.84,0.16,0.0,0.08,0.46
19:39,27.71,0.5,0.84,0.16,0.0,0.08,0.46
19:40,27.5,0.5,0.84,0.16,0.0,0.08,0.46
19:41,27.95,0.29,1.05,0.16,0.0,0.08,0.46
19:42,28.22,0.29,1.05,0.16,0.0,0.08,0.46
19:43,28.01,0.29,0.84,0.16,0.0,0.08,0.46
19:44,28.15,0.29,0.91,0.08,0.0,0.29,0.46
19:45,28.14,0.4,0.91,0.08,0.0,0.5,0.64
19:46,28.33,0.4,0.91,0.15,0.0,0.5,0.76
19:47,28.81,0.56,0.91,0.15,0.0,0.5,0.58
19:48,28.93,0.49,0.91,0.08,0.0,0.43,0.58
19:49,28.71,0.69,1.01,0.08,0.0,0.29,0.58
19:50,28.8,0.69,0.91,0.16,0.0,0.29,0.58
19:51,28.68,0.69,0.99,0.08,0.06,0.29,0.58
19:52,28.51,0.69,0.99,0.08,0.06,0.29,0.58
19:53,29.04,0.69,1.35,0.08,0.06,0.08,0.6
19:54,28.9,0.69,0.98,0.08,0.06,0.08,0.6
19:55,28.91,0.76,0.77,0.08,0.06,0.08,0.6
19:56,29.17,0.76,0.77,0.08,0.06,0.08,0.6
19:57,29.3,0.76,0.77,0.08,0.0,0.08,0.6
19:58,29.31,0.76,0.77,0.08,0.0,0.08,0.6
19:59,29.29,0.76,0.6,0.08,0.0,0.22,0.72
20:00,29.33,0.56,0.51,0.08,0.0,0.22,0.82
20:01,30.2,0.65,0.51,0.08,0.0,0.22,0.81
20:02,30.57,0.65,0.72,0.08,0.0,0.22,0.6
20:03,30.48,0.65,0.72,0.08,0.0,0.22,0.78
20:04,30.46,0.65,0.72,0.08,0.0,0.08,0.78
20:05,30.49,0.65,0.72,0.08,0.0,0.08,0.78
20:06,30.56,0.65,0.72,0.08,0.0,0.19,0.78
20:07,30.66,0.65,0.61,0.08,0.0,0.19,0.78
20:08,30.65,0.65,0.61,0.08,0.0,0.19,0.78
20:09,30.4,0.65,0.61,0.08,0.0,0.26,0.78
20:10,30.56,0.85,0.61,0.15,0.0,0.19,0.64
20:11,30.6,0.85,0.61,0.15,0.0,0.08,0.75
20:12,30.86,0.56,0.55,0.24,0.0,0.29,0.75
20:13,30.87,0.49,0.66,0.24,0.0,0.44,0.64
20:14,31.0,0.55,0.66,0.15,0.0,0.44,0.64
20:15,31.06,0.55,0.66,0.15,0.0,0.44,0.64
20:16,31.14,0.55,0.55,0.15,0.0,0.66,0.55
20:17,31.03,0.55,0.55,0.15,0.0,0.66,0.55
20:18,30.64,0.55,0.51,0.24,0.0,0.44,0.55
20:19,30.68,0.55,0.49,0.15,0.0,0.44,0.65
20:20,30.58,0.55,0.49,0.15,0.0,0.44,0.65
20:21,30.85,0.49,0.41,0.15,0.0,0.55,0.55
20:22,30.92,0.49,0.41,0.15,0.0,0.44,0.55
20:23,31.08,0.49,0.41,0.15,0.0,0.44,0.55
20:24,31.24,0.49,0.41,0.15,0.0,0.44,0.55
20:25,31.44,0.49,0.41,0.15,0.0,0.44,0.55
20:26,31.59,0.64,0.41,0.15,0.0,0.44,0.55
20:27,30.9,0.64,0.41,0.21,0.0,0.44,0.55
20:28,30.82,0.64,0.41,0.15,0.0,0.6,0.39
20:29,30.97,0.42,0.41,0.15,0.0,0.74,0.39
20:30,31.52,0.42,0.41,0.15,0.0,0.58,0.37
20:31,31.64,0.42,0.41,0.15,0.0,0.58,0.37
20:32,31.7,0.42,0.55,0.15,0.0,0.44,0.37
20:33,31.55,0.53,0.55,0.15,0.0,0.44,0.37
20:34,31.24,0.42,0.75,0.15,0.0,0.23,0.47
20:35,31.59,0.53,0.75,0.15,0.0,0.23,0.47
20:36,32.04,0.53,0.75,0.15,0.0,0.34,0.47
20:37,32.06,0.53,0.83,0.15,0.0,0.34,0.47
20:38,31.8,0.53,0.83,0.15,0.0,0.34,0.47
20:39,31.38,0.53,0.48,0.15,0.0,0.34,0.47
20:40,31.69,0.53,0.48,0.21,0.0,0.34,0.47
20:41,31.77,0.53,0.48,0.36,0.0,0.34,0.47
20:42,31.86,0.53,0.48,0.29,0.0,0.34,0.54
20:43,31.63,0.53,0.48,0.29,0.0,0.34,0.54
20:44,31.95,0.53,0.48,0.22,0.0,0.34,0.54
20:45,31.95,0.53,0.62,0.22,0.0,0.34,0.54
20:46,31.86,0.53,0.77,0.22,0.0,0.2,0.66
20:47,32.14,0.72,0.98,0.22,0.0,0.2,0.59
20:48,31.61,0.72,0.98,0.22,0.0,0.2,0.51
20:49,31.14,0.72,0.98,0.22,0.0,0.2,0.51
20:50,30.7,0.72,1.18,0.22,0.0,0.08,0.51
20:51,31.49,0.72,1.18,0.22,0.0,0.08,0.51
20:52,31.72,0.79,0.59,0.37,0.0,0.08,0.51
20:53,31.59,0.68,0.66,0.08,0.0,0.0,0.51
20:54,31.49,0.68,0.66,0.08,0.0,0.0,0.51
20:55,31.21,0.68,0.59,0.08,0.0,0.07,0.51
20:56,31.32,0.68,0.59,0.08,0.0,0.15,0.51
20:57,31.21,0.53,0.59,0.24,0.0,0.15,0.35
20:58,31.19,0.53,0.89,0.08,0.0,0.15,0.51
20:59,31.17,0.53,0.89,0.08,0.0,0.15,0.51
21:00,31.03,0.68,0.89,0.08,0.0,0.21,0.51
21:01,30.95,0.68,0.89,0.08,0.0,0.21,0.6
21:02,31.04,0.68,0.96,0.08,0.0,0.15,0.6
21:03,31.06,0.77,1.04,0.08,0.0,0.15,0.6
21:04,31.15,0.69,1.01,0.08,0.0,0.15,0.68
21:05,31.35,0.69,1.01,0.08,0.0,0.15,0.75
21:06,31.16,0.53,1.01,0.19,0.0,0.15,0.64
21:07,31.58,0.53,1.12,0.08,0.0,0.15,0.85
21:08,31.47,0.53,1.1,0.08,0.0,0.25,0.85
21:09,31.38,0.53,1.18,0.08,0.0,0.25,0.77
21:10,31.68,0.53,1.18,0.08,0.0,0.25,0.77
21:11,31.76,0.53,1.18,0.08,0.0,0.25,0.77
21:12,31.79,0.53,1.18,0.08,0.0,0.25,0.77
21:13,31.79,0.53,1.18,0.08,0.0,0.25,0.77
21:14,31.92,0.46,1.18,0.08,0.0,0.08,0.77
21:15,31.75,0.46,1.18,0.08,0.0,0.08,0.77
21:16,31.76,0.46,1.18,0.08,0.0,0.08,0.77
21:17,31.82,0.46,1.18,0.08,0.0,0.08,0.91
21:18,31.83,0.46,1.18,0.08,0.0,0.08,0.91
21:19,31.74,0.46,1.18,0.08,0.0,0.2,0.91
21:20,31.8,0.46,1.18,0.08,0.0,0.2,0.91
21:21,31.88,0.46,1.18,0.08,0.0,0.2,0.91
21:22,31.72,0.46,1.36,0.08,0.0,0.2,0.91
21:23,31.53,0.46,1.36,0.08,0.0,0.27,0.91
21:24,31.2,0.46,1.36,0.08,0.0,0.27,0.91
21:25,31.36,0.46,1.36,0.08,0.0,0.27,0.91
21:26,31.76,0.57,1.25,0.08,0.0,0.27,0.91
21:27,31.55,0.57,1.17,0.08,0.0,0.27,0.91
21:28,31.61,0.35,1.07,0.08,0.0,0.27,1.09
21:29,31.61,0.35,1.07,0.08,0.0,0.27,0.91
21:30,31.68,0.35,1.07,0.19,0.0,0.2,0.91
21:31,31.41,0.35,1.07,0.19,0.0,0.2,0.91
21:32,31.45,0.35,1.15,0.08,0.0,0.2,0.91
21:33,31.85,0.46,1.07,0.08,0.0,0.2,0.91
21:34,31.51,0.35,1.02,0.08,0.0,0.2,0.91
21:35,31.65,0.35,1.02,0.08,0.0,0.29,0.91
21:36,31.65,0.35,0.92,0.08,0.0,0.2,0.91
21:37,31.39,0.35,0.92,0.08,0.0,0.2,0.91
21:38,31.57,0.35,0.92,0.08,0.0,0.2,0.91
21:39,31.39,0.35,1.01,0.08,0.0,0.2,0.82
21:40,31.29,0.35,1.01,0.08,0.0,0.2,0.81
21:41,31.73,0.46,1.01,0.08,0.0,0.2,0.92
21:42,31.67,0.46,1.01,0.08,0.0,0.2,0.92
21:43,31.39,0.31,1.01,0.08,0.0,0.2,0.7
21:44,31.56,0.31,1.01,0.08,0.0,0.2,0.7
21:45,31.55,0.31,1.12,0.08,0.0,0.2,0.7
21:46,31.55,0.31,1.33,0.08,0.0,0.2,0.49
21:47,31.32,0.37,1.26,0.08,0.0,0.2,0.33
21:48,30.89,0.37,0.87,0.08,0.0,0.2,0.33
21:49,30.54,0.37,0.62,0.08,0.0,0.2,0.33
21:50,30.07,0.37,0.62,0.08,0.0,0.2,0.33
21:51,30.12,0.37,0.62,0.08,0.0,0.2,0.33
21:52,30.35,0.37,0.62,0.08,0.0,0.2,0.33
21:53,30.25,0.31,0.62,0.15,0.0,0.2,0.33
21:54,30.21,0.47,0.45,0.15,0.0,0.2,0.33
21:55,30.15,0.47,0.45,0.15,0.0,0.2,0.33
21:56,29.98,0.47,0.45,0.15,0.0,0.2,0.21
21:57,30.16,0.47,0.45,0.08,0.0,0.2,0.28
21:58,29.88,0.47,0.45,0.08,0.0,0.2,0.14
21:59,29.7,0.47,0.45,0.08,0.0,0.2,0.28
22:00,29.84,0.4,0.45,0.08,0.0,0.2,0.28
22:01,30.02,0.51,0.45,0.08,0.0,0.12,0.28
22:02,29.66,0.51,0.59,0.08,0.0,0.12,0.51
22:03,29.49,0.51,0.39,0.08,0.0,0.44,0.28
22:04,29.95,0.51,0.39,0.08,0.0,0.33,0.28
22:05,29.86,0.51,0.59,0.08,0.0,0.12,0.28
22:06,30.06,0.51,0.46,0.08,0.0,0.12,0.49
22:07,30.32,0.51,0.46,0.08,0.0,0.12,0.49
22:08,30.23,0.51,0.46,0.08,0.0,0.12,0.49
22:09,29.92,0.51,0.46,0.08,0.0,0.12,0.49
22:10,29.58,0.51,0.46,0.08,0.0,0.12,0.49
22:11,29.27,0.73,0.46,0.08,0.0,0.12,0.49
22:12,29.32,0.64,0.46,0.08,0.0,0.12,0.58
22:13,28.87,0.64,0.46,0.08,0.0,0.0,0.58
22:14,28.92,0.64,0.67,0.08,0.0,0.12,0.58
22:15,28.84,0.42,0.57,0.08,0.0,0.12,0.86
22:16,28.63,0.31,0.67,0.08,0.0,0.12,0.86
22:17,28.6,0.3,0.57,0.08,0.0,0.12,0.9
22:18,28.71,0.23,0.57,0.08,0.0,0.12,0.79
22:19,29.14,0.44,0.57,0.08,0.0,0.12,0.58
22:20,28.27,0.23,0.57,0.08,0.0,0.12,0.58
22:21,28.78,0.23,0.49,0.08,0.0,0.12,0.58
22:22,28.09,0.23,0.49,0.08,0.0,0.12,0.79
22:23,28.22,0.23,0.49,0.17,0.0,0.12,0.79
22:24,28.07,0.23,0.49,0.17,0.0,0.12,0.79
22:25,28.01,0.23,0.67,0.17,0.0,0.12,0.79
22:26,27.78,0.23,0.49,0.17,0.0,0.23,0.9
22:27,27.3,0.23,0.72,0.17,0.0,0.23,1.11
22:28,26.64,0.23,0.72,0.28,0.21,0.12,0.68
22:29,26.7,0.23,0.72,0.17,0.0,0.12,0.68
22:30,26.76,0.23,0.72,0.17,0.0,0.12,0.68
22:31,26.74,0.23,0.72,0.17,0.0,0.12,0.68
22:32,27.23,0.51,0.62,0.17,0.0,0.12,0.94
22:33,27.47,0.51,0.83,0.17,0.0,0.12,0.81
22:34,27.4,0.34,0.75,0.17,0.0,0.12,0.81
22:35,27.41,0.41,0.75,0.17,0.0,0.12,0.93
22:36,26.97,0.41,0.83,0.08,0.0,0.12,1.12
22:37,27.42,0.5,0.83,0.08,0.0,0.12,0.85
22:38,27.4,0.5,0.83,0.08,0.0,0.12,0.74
22:39,27.31,0.57,0.69,0.08,0.0,0.12,0.74
22:40,27.47,0.65,0.69,0.08,0.0,0.12,0.74
22:41,27.47,0.65,0.69,0.15,0.0,0.12,0.84
22:42,27.36,0.65,0.69,0.15,0.0,0.12,0.84
22:43,26.91,0.68,0.69,0.15,0.0,0.12,0.74
22:44,26.67,0.59,0.78,0.08,0.0,0.12,0.74
22:45,26.72,0.51,0.61,0.08,0.0,0.12,0.83
22:46,26.25,0.7,0.61,0.08,0.0,0.12,0.83
22:47,26.19,0.7,0.61,0.08,0.0,0.12,0.62
22:48,26.02,0.7,0.61,0.08,0.0,0.12,0.45
22:49,26.23,0.7,0.48,0.08,0.0,0.33,0.45
22:50,26.12,0.7,0.48,0.08,0.0,0.33,0.45
22:51,26.13,0.9,0.48,0.08,0.0,0.12,0.45
22:52,26.37,0.9,0.48,0.08,0.0,0.12,0.45
22:53,26.53,0.52,0.48,0.16,0.0,0.12,0.45
22:54,26.5,0.52,0.48,0.16,0.0,0.0,0.45
22:55,26.39,0.52,0.48,0.16,0.0,0.0,0.45
22:56,25.99,0.52,0.48,0.08,0.0,0.0,0.45
22:57,25.82,0.52,0.48,0.08,0.0,0.0,0.45
22:58,25.84,0.52,0.48,0.08,0.0,0.0,0.45
22:59,26.26,0.52,0.48,0.29,0.0,0.23,0.54
23:00,25.63,0.52,0.48,0.08,0.0,0.3,0.86
23:01,25.42,0.52,0.71,0.08,0.0,0.08,0.75
23:02,25.74,0.52,0.58,0.08,0.0,0.0,0.98
23:03,25.81,0.52,0.83,0.08,0.0,0.0,0.98
23:04,25.87,0.64,0.83,0.08,0.0,0.0,0.98
23:05,25.61,0.52,0.83,0.2,0.0,0.0,0.98
23:06,25.5,0.41,1.06,0.2,0.0,0.0,0.65
23:07,25.57,0.41,1.06,0.2,0.0,0.0,0.65
23:08,25.56,0.41,1.06,0.2,0.0,0.0,0.65
23:09,25.2,0.41,1.06,0.08,0.0,0.0,0.65
23:10,24.69,0.41,0.83,0.08,0.0,0.0,0.65
23:11,24.89,0.41,0.93,0.08,0.0,0.0,0.65
23:12,24.44,0.41,0.93,0.08,0.0,0.0,0.65
23:13,24.6,0.52,0.93,0.08,0.0,0.0,0.65
23:14,24.57,0.41,1.04,0.08,0.0,0.0,0.74
23:15,24.6,0.41,1.04,0.08,0.0,0.0,0.65
23:16,24.51,0.3,1.04,0.08,0.0,0.0,0.65
23:17,24.63,0.3,1.04,0.08,0.0,0.19,0.65
23:18,24.56,0.3,1.04,0.08,0.0,0.0,0.73
23:19,24.34,0.3,1.04,0.08,0.0,0.0,0.73
23:20,24.57,0.3,1.04,0.08,0.0,0.0,0.73
23:21,24.75,0.3,0.95,0.08,0.0,0.0,0.73
23:22,24.52,0.3,1.05,0.08,0.0,0.0,0.73
23:23,24.45,0.3,1.05,0.08,0.0,0.0,0.73
23:24,24.27,0.3,1.05,0.08,0.0,0.0,0.73
23:25,24.36,0.37,1.05,0.08,0.0,0.0,0.65
23:26,24.36,0.3,1.13,0.08,0.0,0.0,0.65
23:27,24.15,0.3,1.13,0.08,0.0,0.0,0.65
23:28,23.79,0.3,1.13,0.08,0.0,0.0,0.65
23:29,23.65,0.3,1.13,0.08,0.0,0.0,0.65
23:30,23.34,0.3,1.13,0.08,0.0,0.0,0.65
23:31,23.24,0.3,0.9,0.08,0.0,0.0,0.65
23:32,23.16,0.3,0.82,0.08,0.0,0.09,0.73
23:33,22.86,0.3,0.82,0.08,0.0,0.09,0.36
23:34,22.14,0.3,0.82,0.08,0.0,0.09,0.36
23:35,22.14,0.3,0.91,0.08,0.0,0.12,0.36
23:36,21.88,0.2,0.81,0.08,0.0,0.0,0.4
23:37,21.41,0.2,0.72,0.08,0.0,0.0,0.4
23:38,21.32,0.2,0.62,0.08,0.0,0.0,0.4
23:39,21.0,0.2,0.62,0.08,0.0,0.0,0.4
23:40,20.81,0.39,0.62,0.08,0.0,0.0,0.4
23:41,20.71,0.39,0.69,0.08,0.0,0.0,0.4
23:42,21.15,0.5,0.82,0.08,0.0,0.0,0.4
23:43,21.28,0.5,0.62,0.08,0.0,0.0,0.4
23:44,21.57,0.59,0.62,0.08,0.0,0.0,0.4
23:45,21.27,0.5,0.62,0.08,0.0,0.0,0.4
23:46,21.55,0.5,0.72,0.08,0.0,0.0,0.4
23:47,21.34,0.3,0.62,0.08,0.0,0.0,0.5
23:48,21.02,0.3,0.62,0.08,0.0,0.0,0.5
23:49,21.13,0.3,0.62,0.08,0.0,0.0,0.5
23:50,20.86,0.2,0.62,0.08,0.0,0.0,0.5
23:51,20.93,0.2,0.62,0.08,0.0,0.0,0.64
23:52,21.06,0.2,0.62,0.08,0.0,0.0,0.5
23:53,20.78,0.2,0.62,0.08,0.0,0.0,0.5
23:54,20.94,0.2,0.62,0.08,0.0,0.0,0.5
23:55,21.03,0.2,0.62,0.08,0.0,0.0,0.5
23:56,21.16,0.2,0.62,0.08,0.0,0.0,0.5
23:57,20.78,0.2,0.62,0.08,0.0,0.0,0.5
23:58,20.9,0.2,0.76,0.08,0.0,0.08,0.5
23:59,20.82,0.34,0.62,0.08,0.0,0.08,0.5
24:00,20.53,0.34,0.62,0.08,0.0,0.08,0.56
24:01,20.7,0.34,0.62,0.08,0.0,0.08,0.56
24:02,20.76,0.34,0.62,0.08,0.0,0.08,0.56
24:03,21.0,0.34,0.62,0.08,0.0,0.15,0.56
24:04,20.46,0.34,0.62,0.08,0.0,0.08,0.56
24:05,20.25,0.34,0.62,0.08,0.0,0.08,0.56
24:06,20.16,0.34,0.62,0.08,0.0,0.08,0.66
24:07,20.01,0.34,0.62,0.08,0.0,0.08,0.73
24:08,19.79,0.34,0.62,0.08,0.0,0.0,0.73
24:09,19.77,0.34,0.62,0.08,0.0,0.34,0.73
24:10,19.46,0.34,0.62,0.08,0.0,0.34,0.73
24:11,19.79,0.41,0.62,0.08,0.0,0.26,0.73
24:12,19.36,0.41,0.62,0.08,0.0,0.0,0.99
24:13,19.36,0.41,0.62,0.08,0.0,0.0,0.99
24:14,19.01,0.41,0.62,0.08,0.0,0.0,0.99
24:15,18.69,0.49,0.62,0.08,0.0,0.0,0.99
24:16,18.34,0.41,0.69,0.08,0.0,0.0,0.99
24:17,18.28,0.41,0.78,0.08,0.0,0.0,0.99
24:18,17.94,0.32,0.78,0.08,0.0,0.0,0.99
24:19,17.71,0.25,0.78,0.08,0.0,0.0,1.06
24:20,17.18,0.25,0.86,0.15,0.0,0.0,0.93
24:21,17.36,0.25,0.86,0.08,0.0,0.0,0.93
24:22,17.12,0.25,0.77,0.08,0.0,0.0,0.93
24:23,16.8,0.25,0.77,0.08,0.0,0.0,0.93
24:24,16.71,0.25,0.68,0.08,0.0,0.0,0.93
24:25,16.54,0.25,0.68,0.08,0.0,0.0,0.93
24:26,16.33,0.25,0.68,0.18,0.0,0.0,0.93
24:27,16.33,0.25,0.68,0.18,0.0,0.0,0.93
24:28,16.03,0.25,0.68,0.18,0.0,0.11,0.93
24:29,15.87,0.25,0.68,0.18,0.0,0.0,1.03
24:30,15.79,0.25,0.68,0.18,0.0,0.0,1.03
24:31,15.68,0.25,0.68,0.18,0.0,0.0,1.03
24:32,15.85,0.25,0.6,0.18,0.0,0.0,1.03
24:33,16.07,0.25,0.6,0.18,0.0,0.0,1.03
24:34,16.09,0.25,0.6,0.18,0.0,0.0,1.03
24:35,15.84,0.25,0.6,0.18,0.0,0.0,1.22
24:36,15.58,0.25,0.6,0.18,0.0,0.0,1.22
24:37,15.49,0.11,0.6,0.18,0.0,0.0,1.36
24:38,15.18,0.11,0.6,0.18,0.0,0.0,1.36
24:39,15.1,0.25,0.6,0.08,0.0,0.11,0.77
24:40,15.0,0.25,0.6,0.08,0.0,0.11,0.67
24:41,14.93,0.11,0.6,0.22,0.0,0.11,0.67
24:42,15.01,0.11,0.51,0.08,0.0,0.2,0.67
24:43,15.01,0.11,0.51,0.08,0.0,0.2,0.67
24:44,15.05,0.11,0.51,0.08,0.0,0.2,0.67
24:45,14.73,0.11,0.51,0.08,0.0,0.2,0.67
24:46,14.62,0.21,0.51,0.08,0.0,0.2,0.67
24:47,14.42,0.22,0.51,0.08,0.0,0.2,0.67
24:48,14.71,0.22,0.51,0.08,0.0,0.2,0.67
24:49,14.5,0.22,0.51,0.08,0.0,0.2,0.94
24:50,14.31,0.49,0.51,0.08,0.0,0.2,0.57
24:51,14.27,0.38,0.51,0.08,0.0,0.2,0.57
24:52,14.19,0.11,0.51,0.08,0.0,0.47,0.57
24:53,14.11,0.11,0.51,0.08,0.0,0.47,0.57
24:54,14.03,0.11,0.51,0.08,0.0,0.47,0.57
24:55,14.05,0.11,0.78,0.08,0.0,0.2,0.57
24:56,13.53,0.11,0.78,0.08,0.0,0.2,0.57
24:57,13.43,0.11,0.78,0.08,0.0,0.2,0.57
24:58,13.43,0.11,0.78,0.08,0.0,0.2,0.5
24:59,13.2,0.11,0.78,0.08,0.0,0.2,0.5
